{
    "total_runtime": 3689.509568452835,
    "num_documents": 43,
    "input_load_time": 0,
    "workflows": {
        "create_base_text_units": {
            "overall": 5.525725364685059,
            "0_create_base_text_units": 5.522722005844116
        },
        "create_final_documents": {
            "overall": 0.018001794815063477,
            "0_create_final_documents": 0.01599884033203125
        },
        "create_base_entity_graph": {
            "overall": 2072.9115364551544,
            "0_create_base_entity_graph": 2072.9035375118256
        },
        "create_final_entities": {
            "overall": 4.309329986572266,
            "0_create_final_entities": 4.304331064224243
        },
        "create_final_nodes": {
            "overall": 20.97724747657776,
            "0_create_final_nodes": 20.972249507904053
        },
        "create_final_communities": {
            "overall": 10.189537525177002,
            "0_create_final_communities": 10.184539079666138
        },
        "create_final_relationships": {
            "overall": 5.629289150238037,
            "0_create_final_relationships": 5.621290922164917
        },
        "create_final_text_units": {
            "overall": 0.17307734489440918,
            "0_create_final_text_units": 0.16507720947265625
        },
        "create_final_community_reports": {
            "overall": 1475.9222600460052,
            "0_create_final_community_reports": 1475.9081609249115
        },
        "generate_text_embeddings": {
            "overall": 91.02831840515137,
            "0_generate_text_embeddings": 91.01332187652588
        }
    }
}