{
    "total_runtime": 646.0862758159637,
    "num_documents": 11,
    "input_load_time": 0,
    "workflows": {
        "create_base_text_units": {
            "overall": 6.171823740005493,
            "0_create_base_text_units": 6.167822599411011
        },
        "create_final_documents": {
            "overall": 0.01503896713256836,
            "0_create_final_documents": 0.013009071350097656
        },
        "create_base_entity_graph": {
            "overall": 380.9146318435669,
            "0_create_base_entity_graph": 380.91163444519043
        },
        "create_final_entities": {
            "overall": 0.8337728977203369,
            "0_create_final_entities": 0.8297781944274902
        },
        "create_final_nodes": {
            "overall": 4.360182285308838,
            "0_create_final_nodes": 4.355181455612183
        },
        "create_final_communities": {
            "overall": 1.9880352020263672,
            "0_create_final_communities": 1.981032133102417
        },
        "create_final_relationships": {
            "overall": 0.7907862663269043,
            "0_create_final_relationships": 0.7838099002838135
        },
        "create_final_text_units": {
            "overall": 0.054001808166503906,
            "0_create_final_text_units": 0.04600262641906738
        },
        "create_final_community_reports": {
            "overall": 231.39943480491638,
            "0_create_final_community_reports": 231.39292573928833
        },
        "generate_text_embeddings": {
            "overall": 17.241323947906494,
            "0_generate_text_embeddings": 17.233323574066162
        }
    }
}